{
  "name": "AutoTempControlLOG",
  "simulator": "Cadmium",
  "type": "DEVS",
  "models": [
        {
      "name": "tempset",
      "type": "atomic",
      "submodels": [],
      "ports": [
        {
          "name": "transitionin",
          "type": "input"
        },
        {
          "name": "transitionout",
          "type": "output"
        }
      ],
      "links": [
        {
       "portB": "transitionin",
       "modelB": "tempset",
       "portA": "transitionout",
       "modelA": "codetectalarm"
        },
        {
       "portB": "transitionin",
       "modelB": "tempset",
       "portA": "transitionout",
       "modelA": "codetectok"
        },
        {
       "portB": "transitionin",
       "modelB": "aircondon",
       "portA": "transitionout",
       "modelA": "tempset"
        },
        {
       "portB": "transitionin",
       "modelB": "tempsense",
       "portA": "transitionout",
       "modelA": "tempset"
        }
      ]
    },
    {
      "name": "aircondon",
      "type": "atomic",
      "submodels": [],
      "ports": [
        {
          "name": "transitionin",
          "type": "input"
        },
        {
          "name": "transitionout",
          "type": "output"
        }
      ],
      "links": [
        {
       "portB": "transitionin",
       "modelB": "tempset",
       "portA": "transitionout",
       "modelA": "aircondon"
        },
        {
       "portB": "transitionin",
       "modelB": "aircondon",
       "portA": "transitionout",
       "modelA": "tempsense"
        }
      ]
    },
    {
      "name": "tempsense",
      "type": "atomic",
      "submodels": [],
      "ports": [
        {
          "name": "transitionin",
          "type": "input"
        },
        {
          "name": "transitionout",
          "type": "output"
        }
      ],
      "links": [
        {
       "portB": "transitionin",
       "modelB": "tempsense",
       "portA": "transitionout",
       "modelA": "tempset"
        },
        {
       "portB": "transitionin",
       "modelB": "aircondon",
       "portA": "transitionout",
       "modelA": "tempsense"
        },
        {
       "portB": "transitionin",
       "modelB": "heateron",
       "portA": "transitionout",
       "modelA": "tempsense"
        }
      ]
    },
    {
      "name": "heateron",
      "type": "atomic",
      "submodels": [],
      "ports": [
        {
          "name": "transitionin",
          "type": "input"
        },
        {
          "name": "transitionout",
          "type": "output"
        }
      ],
      "links": [
        {
       "portB": "transitionin",
       "modelB": "heateron",
       "portA": "transitionout",
       "modelA": "tempsense"
        },
        {
       "portB": "transitionin",
       "modelB": "codetectok",
       "portA": "transitionout",
       "modelA": "heateron"
        },
        {
       "portB": "transitionin",
       "modelB": "codetectalarm",
       "portA": "transitionout",
       "modelA": "heateron"
        }
      ]
    },    
    {
      "name": "codetectalarm",
      "type": "atomic",
      "submodels": [],
      "ports": [
        {
          "name": "transitionin",
          "type": "input"
        },
        {
          "name": "transitionout",
          "type": "output"
        }
      ],
      "links": [
        {
       "portB": "transitionin",
       "modelB": "tempset",
       "portA": "transitionout",
       "modelA": "codetectalarm"
        },
        {
       "portB": "transitionin",
       "modelB": "codetectalarm",
       "portA": "transitionout",
       "modelA": "heateron"
        }
      ]
    },   
    {
      "name": "codetectok",
      "type": "atomic",
      "submodels": [],
      "ports": [
        {
          "name": "transitionin",
          "type": "input"
        },
        {
          "name": "transitionout",
          "type": "output"
        }
      ],
      "links": [
        {
       "portB": "transitionin",
       "modelB": "tempset",
       "portA": "transitionout",
       "modelA": "codetectok"
        },
        {
       "portB": "transitionin",
       "modelB": "codetectok",
       "portA": "transitionout",
       "modelA": "heateron"
        }
      ]
    }     
  ],
  "size": 7
}