{
  "name": "ElevatorLOG",
  "simulator": "Cadmium",
  "type": "DEVS",
  "models": [
        {
      "name": "idle",
      "type": "atomic",
      "submodels": [],
      "ports": [
        {
          "name": "transitionin",
          "type": "input"
        },
        {
          "name": "transitionout",
          "type": "output"
        }
      ],
      "links": [
        {
       "portB": "transitionin",
       "modelB": "idle",
       "portA": "transitionout",
       "modelA": "movingup"
        },
        {
       "portB": "transitionin",
       "modelB": "idle",
       "portA": "transitionout",
       "modelA": "movingdown"
        },
        {
       "portB": "transitionin",
       "modelB": "movingup",
       "portA": "transitionout",
       "modelA": "idle"
        },        
        {
       "portB": "transitionin",
       "modelB": "movingdown",
       "portA": "transitionout",
       "modelA": "idle"
        }
      ]
    },
    {
      "name": "movingup",
      "type": "atomic",
      "submodels": [],
      "ports": [
        {
          "name": "transitionin",
          "type": "input"
        },
        {
          "name": "transitionout",
          "type": "output"
        }
      ],
      "links": [
        {
       "portB": "transitionin",
       "modelB": "idle",
       "portA": "transitionout",
       "modelA": "movingup"
        },
        {
       "portB": "transitionin",
       "modelB": "movingup",
       "portA": "transitionout",
       "modelA": "idle"
        },
        {
       "portB": "transitionin",
       "modelB": "topposition",
       "portA": "transitionout",
       "modelA": "movingup"
        },        
        {
       "portB": "transitionin",
       "modelB": "movingup",
       "portA": "transitionout",
       "modelA": "bottomposition"
        }
      ]
    },
    {
      "name": "movingdown",
      "type": "atomic",
      "submodels": [],
      "ports": [
        {
          "name": "transitionin",
          "type": "input"
        },
        {
          "name": "transitionout",
          "type": "output"
        }
      ],
      "links": [
        {
       "portB": "transitionin",
       "modelB": "idle",
       "portA": "transitionout",
       "modelA": "movingdown"
        },
        {
       "portB": "transitionin",
       "modelB": "movingdown",
       "portA": "transitionout",
       "modelA": "idle"
        },
        {
       "portB": "transitionin",
       "modelB": "movingdown",
       "portA": "transitionout",
       "modelA": "topposition"
        },        
        {
       "portB": "transitionin",
       "modelB": "bottomposition",
       "portA": "transitionout",
       "modelA": "movingdown"
        }
      ]
    },  
    {
      "name": "topposition",
      "type": "atomic",
      "submodels": [],
      "ports": [
        {
          "name": "transitionin",
          "type": "input"
        },
        {
          "name": "transitionout",
          "type": "output"
        }
      ],
      "links": [ 
        {
       "portB": "transitionin",
       "modelB": "topposition",
       "portA": "transitionout",
       "modelA": "movingup"
        },
        {
       "portB": "transitionin",
       "modelB": "movingdown",
       "portA": "transitionout",
       "modelA": "topposition"
        }
      ]
    }, 
    {
      "name": "bottomposition",
      "type": "atomic",
      "submodels": [],
      "ports": [
        {
          "name": "transitionin",
          "type": "input"
        },
        {
          "name": "transitionout",
          "type": "output"
        }
      ],
      "links": [  
        {
       "portB": "transitionin",
       "modelB": "movingup",
       "portA": "transitionout",
       "modelA": "bottomposition"
        },
        {
       "portB": "transitionin",
       "modelB": "bottomposition",
       "portA": "transitionout",
       "modelA": "movingdown"
        }
      ]
    }, 
    {
      "name": "input_reader",
      "type": "atomic",
      "submodels": [],
      "ports": [
        {
          "name": "out",
          "type": "output"
        }
      ],
      "links": [  
        {
       "portB": "transitionin",
       "modelB": "movingup",
       "portA": "out",
       "modelA": "input_reader"
        },
        {
       "portB": "transitionin",
       "modelB": "movingdown",
       "portA": "out",
       "modelA": "input_reader"
        },
        {
       "portB": "transitionin",
       "modelB": "topposition",
       "portA": "out",
       "modelA": "input_reader"
        },
        {
       "portB": "transitionin",
       "modelB": "bottomposition",
       "portA": "out",
       "modelA": "input_reader"
        },
        {
       "portB": "transitionin",
       "modelB": "idle",
       "portA": "out",
       "modelA": "input_reader"
        }
      ]
    }
  ],
  "size": 7
}